Project,FeatureSet,Seed,Precision,Recall,F1,MCC
kafka,Hybrid,1,0.5811,0.9951,0.7337,0.2344
kafka,Hybrid,2,0.5817,0.9949,0.7342,0.2367
kafka,Hybrid,3,0.5813,0.9953,0.7339,0.2357
kafka,Hybrid,4,0.5815,0.9949,0.7340,0.2358
kafka,Hybrid,5,0.5813,0.9952,0.7339,0.2353
kafka,Hybrid,6,0.5812,0.9944,0.7337,0.2334
kafka,Hybrid,7,0.5814,0.9948,0.7338,0.2348
kafka,Hybrid,8,0.5815,0.9950,0.7340,0.2360
kafka,Hybrid,9,0.5810,0.9952,0.7337,0.2342
kafka,Hybrid,10,0.5810,0.9952,0.7337,0.2340
kafka,Hybrid,11,0.5814,0.9953,0.7340,0.2360
kafka,Hybrid,12,0.5809,0.9948,0.7335,0.2325
kafka,Hybrid,13,0.5811,0.9952,0.7338,0.2347
kafka,Hybrid,14,0.5812,0.9946,0.7337,0.2339
kafka,Hybrid,15,0.5815,0.9948,0.7340,0.2356
kafka,Hybrid,16,0.5811,0.9950,0.7337,0.2341
kafka,Hybrid,17,0.5811,0.9949,0.7336,0.2336
kafka,Hybrid,18,0.5814,0.9949,0.7339,0.2355
kafka,Hybrid,19,0.5819,0.9949,0.7343,0.2374
kafka,Hybrid,20,0.5811,0.9945,0.7336,0.2332
kafka,Hybrid,21,0.5815,0.9951,0.7340,0.2361
kafka,Hybrid,22,0.5813,0.9951,0.7339,0.2352
kafka,Hybrid,23,0.5814,0.9952,0.7340,0.2361
kafka,Hybrid,24,0.5815,0.9951,0.7341,0.2364
kafka,Hybrid,25,0.5813,0.9950,0.7339,0.2352
kafka,Hybrid,26,0.5815,0.9952,0.7341,0.2365
kafka,Hybrid,27,0.5818,0.9952,0.7343,0.2377
kafka,Hybrid,28,0.5814,0.9952,0.7340,0.2361
kafka,Hybrid,29,0.5811,0.9950,0.7337,0.2340
kafka,Hybrid,30,0.5811,0.9950,0.7337,0.2342
kafka,Process,1,0.5807,0.9922,0.7326,0.2258
kafka,Process,2,0.5807,0.9921,0.7326,0.2260
kafka,Process,3,0.5810,0.9923,0.7329,0.2279
kafka,Process,4,0.5809,0.9923,0.7328,0.2269
kafka,Process,5,0.5809,0.9926,0.7329,0.2280
kafka,Process,6,0.5812,0.9927,0.7331,0.2292
kafka,Process,7,0.5803,0.9924,0.7324,0.2247
kafka,Process,8,0.5806,0.9922,0.7325,0.2255
kafka,Process,9,0.5808,0.9925,0.7328,0.2271
kafka,Process,10,0.5814,0.9921,0.7332,0.2293
kafka,Process,11,0.5810,0.9924,0.7329,0.2277
kafka,Process,12,0.5811,0.9927,0.7331,0.2290
kafka,Process,13,0.5809,0.9920,0.7327,0.2266
kafka,Process,14,0.5809,0.9925,0.7329,0.2275
kafka,Process,15,0.5808,0.9926,0.7328,0.2272
kafka,Process,16,0.5808,0.9924,0.7328,0.2269
kafka,Process,17,0.5809,0.9922,0.7328,0.2269
kafka,Process,18,0.5811,0.9927,0.7331,0.2290
kafka,Process,19,0.5810,0.9926,0.7330,0.2284
kafka,Process,20,0.5808,0.9925,0.7328,0.2271
kafka,Process,21,0.5806,0.9919,0.7325,0.2249
kafka,Process,22,0.5809,0.9926,0.7329,0.2279
kafka,Process,23,0.5808,0.9924,0.7327,0.2268
kafka,Process,24,0.5807,0.9927,0.7328,0.2271
kafka,Process,25,0.5808,0.9927,0.7328,0.2276
kafka,Process,26,0.5807,0.9926,0.7327,0.2267
kafka,Process,27,0.5808,0.9925,0.7328,0.2273
kafka,Process,28,0.5806,0.9925,0.7327,0.2264
kafka,Process,29,0.5812,0.9925,0.7331,0.2289
kafka,Process,30,0.5811,0.9927,0.7331,0.2291
kafka,Static,1,0.5655,0.9817,0.7176,0.1157
kafka,Static,2,0.5655,0.9812,0.7175,0.1153
kafka,Static,3,0.5653,0.9814,0.7174,0.1137
kafka,Static,4,0.5658,0.9815,0.7178,0.1174
kafka,Static,5,0.5656,0.9814,0.7176,0.1160
kafka,Static,6,0.5657,0.9821,0.7179,0.1179
kafka,Static,7,0.5654,0.9815,0.7175,0.1149
kafka,Static,8,0.5654,0.9817,0.7176,0.1152
kafka,Static,9,0.5655,0.9818,0.7177,0.1163
kafka,Static,10,0.5652,0.9810,0.7172,0.1122
kafka,Static,11,0.5650,0.9812,0.7171,0.1113
kafka,Static,12,0.5658,0.9822,0.7180,0.1192
kafka,Static,13,0.5658,0.9821,0.7179,0.1185
kafka,Static,14,0.5655,0.9814,0.7175,0.1152
kafka,Static,15,0.5655,0.9806,0.7174,0.1143
kafka,Static,16,0.5654,0.9815,0.7175,0.1145
kafka,Static,17,0.5656,0.9823,0.7179,0.1176
kafka,Static,18,0.5657,0.9827,0.7181,0.1190
kafka,Static,19,0.5656,0.9817,0.7177,0.1168
kafka,Static,20,0.5659,0.9815,0.7179,0.1187
kafka,Static,21,0.5657,0.9816,0.7177,0.1170
kafka,Static,22,0.5655,0.9818,0.7176,0.1159
kafka,Static,23,0.5657,0.9817,0.7177,0.1169
kafka,Static,24,0.5657,0.9820,0.7178,0.1175
kafka,Static,25,0.5656,0.9812,0.7176,0.1160
kafka,Static,26,0.5655,0.9817,0.7176,0.1157
kafka,Static,27,0.5658,0.9816,0.7178,0.1176
kafka,Static,28,0.5657,0.9821,0.7179,0.1181
kafka,Static,29,0.5650,0.9812,0.7171,0.1114
kafka,Static,30,0.5657,0.9819,0.7178,0.1174
gson,Hybrid,1,0.5437,0.9752,0.6981,0.3862
gson,Hybrid,2,0.5401,0.9752,0.6952,0.3781
gson,Hybrid,3,0.5397,0.9773,0.6954,0.3794
gson,Hybrid,4,0.5439,0.9738,0.6980,0.3854
gson,Hybrid,5,0.5416,0.9748,0.6964,0.3812
gson,Hybrid,6,0.5392,0.9755,0.6945,0.3762
gson,Hybrid,7,0.5419,0.9766,0.6970,0.3836
gson,Hybrid,8,0.5432,0.9724,0.6970,0.3821
gson,Hybrid,9,0.5424,0.9748,0.6970,0.3829
gson,Hybrid,10,0.5404,0.9724,0.6947,0.3758
gson,Hybrid,11,0.5431,0.9766,0.6980,0.3863
gson,Hybrid,12,0.5406,0.9752,0.6956,0.3791
gson,Hybrid,13,0.5413,0.9773,0.6967,0.3830
gson,Hybrid,14,0.5434,0.9731,0.6974,0.3835
gson,Hybrid,15,0.5419,0.9752,0.6967,0.3823
gson,Hybrid,16,0.5387,0.9770,0.6945,0.3766
gson,Hybrid,17,0.5423,0.9773,0.6975,0.3852
gson,Hybrid,18,0.5426,0.9770,0.6977,0.3856
gson,Hybrid,19,0.5403,0.9770,0.6958,0.3802
gson,Hybrid,20,0.5410,0.9745,0.6958,0.3794
gson,Hybrid,21,0.5417,0.9755,0.6966,0.3821
gson,Hybrid,22,0.5388,0.9741,0.6938,0.3739
gson,Hybrid,23,0.5412,0.9766,0.6965,0.3821
gson,Hybrid,24,0.5428,0.9752,0.6974,0.3842
gson,Hybrid,25,0.5418,0.9780,0.6973,0.3849
gson,Hybrid,26,0.5425,0.9777,0.6978,0.3860
gson,Hybrid,27,0.5403,0.9752,0.6954,0.3786
gson,Hybrid,28,0.5426,0.9748,0.6972,0.3834
gson,Hybrid,29,0.5419,0.9766,0.6970,0.3836
gson,Hybrid,30,0.5414,0.9752,0.6963,0.3810
gson,Process,1,0.4995,0.9670,0.6588,0.2604
gson,Process,2,0.5004,0.9695,0.6601,0.2656
gson,Process,3,0.5008,0.9692,0.6604,0.2667
gson,Process,4,0.4986,0.9656,0.6577,0.2560
gson,Process,5,0.4997,0.9653,0.6585,0.2592
gson,Process,6,0.5014,0.9678,0.6605,0.2670
gson,Process,7,0.5005,0.9688,0.6601,0.2655
gson,Process,8,0.4986,0.9646,0.6574,0.2549
gson,Process,9,0.5005,0.9631,0.6587,0.2594
gson,Process,10,0.4978,0.9639,0.6565,0.2516
gson,Process,11,0.5007,0.9670,0.6598,0.2642
gson,Process,12,0.5005,0.9660,0.6593,0.2622
gson,Process,13,0.4974,0.9585,0.6550,0.2451
gson,Process,14,0.5013,0.9660,0.6600,0.2649
gson,Process,15,0.5007,0.9628,0.6588,0.2599
gson,Process,16,0.5014,0.9702,0.6611,0.2696
gson,Process,17,0.5017,0.9639,0.6599,0.2639
gson,Process,18,0.5006,0.9670,0.6597,0.2636
gson,Process,19,0.5002,0.9674,0.6594,0.2628
gson,Process,20,0.5017,0.9692,0.6612,0.2696
gson,Process,21,0.5010,0.9649,0.6596,0.2629
gson,Process,22,0.5013,0.9653,0.6599,0.2641
gson,Process,23,0.5002,0.9688,0.6597,0.2643
gson,Process,24,0.5015,0.9649,0.6600,0.2644
gson,Process,25,0.5011,0.9674,0.6602,0.2657
gson,Process,26,0.4999,0.9663,0.6589,0.2609
gson,Process,27,0.4996,0.9653,0.6584,0.2589
gson,Process,28,0.4990,0.9656,0.6580,0.2572
gson,Process,29,0.5015,0.9681,0.6607,0.2676
gson,Process,30,0.4981,0.9656,0.6572,0.2543
gson,Static,1,0.4715,0.9660,0.6337,0.1511
gson,Static,2,0.4713,0.9642,0.6331,0.1480
gson,Static,3,0.4733,0.9685,0.6359,0.1621
gson,Static,4,0.4721,0.9688,0.6349,0.1567
gson,Static,5,0.4741,0.9717,0.6373,0.1693
gson,Static,6,0.4723,0.9667,0.6346,0.1554
gson,Static,7,0.4713,0.9674,0.6339,0.1515
gson,Static,8,0.4717,0.9667,0.6340,0.1527
gson,Static,9,0.4725,0.9695,0.6353,0.1591
gson,Static,10,0.4724,0.9692,0.6352,0.1587
gson,Static,11,0.4718,0.9667,0.6341,0.1531
gson,Static,12,0.4723,0.9685,0.6350,0.1575
gson,Static,13,0.4723,0.9667,0.6346,0.1554
gson,Static,14,0.4718,0.9681,0.6344,0.1543
gson,Static,15,0.4729,0.9663,0.6351,0.1581
gson,Static,16,0.4739,0.9685,0.6364,0.1648
gson,Static,17,0.4714,0.9656,0.6335,0.1499
gson,Static,18,0.4733,0.9660,0.6353,0.1593
gson,Static,19,0.4720,0.9660,0.6341,0.1531
gson,Static,20,0.4715,0.9720,0.6350,0.1574
gson,Static,21,0.4741,0.9717,0.6373,0.1693
gson,Static,22,0.4733,0.9660,0.6354,0.1596
gson,Static,23,0.4714,0.9660,0.6336,0.1503
gson,Static,24,0.4713,0.9681,0.6339,0.1519
gson,Static,25,0.4740,0.9717,0.6372,0.1686
gson,Static,26,0.4719,0.9692,0.6347,0.1559
gson,Static,27,0.4708,0.9699,0.6339,0.1516
gson,Static,28,0.4736,0.9670,0.6358,0.1620
gson,Static,29,0.4718,0.9681,0.6345,0.1547
gson,Static,30,0.4727,0.9709,0.6359,0.1620
commons-io,Hybrid,1,0.4998,0.7634,0.6041,0.4900
commons-io,Hybrid,2,0.5050,0.7655,0.6085,0.4960
commons-io,Hybrid,3,0.5068,0.7711,0.6116,0.5004
commons-io,Hybrid,4,0.5049,0.7637,0.6079,0.4951
commons-io,Hybrid,5,0.5017,0.7631,0.6054,0.4917
commons-io,Hybrid,6,0.5053,0.7655,0.6088,0.4963
commons-io,Hybrid,7,0.5038,0.7600,0.6059,0.4923
commons-io,Hybrid,8,0.5059,0.7726,0.6114,0.5003
commons-io,Hybrid,9,0.5067,0.7702,0.6113,0.4999
commons-io,Hybrid,10,0.5025,0.7643,0.6064,0.4931
commons-io,Hybrid,11,0.5014,0.7590,0.6039,0.4896
commons-io,Hybrid,12,0.5026,0.7702,0.6083,0.4960
commons-io,Hybrid,13,0.5051,0.7689,0.6097,0.4977
commons-io,Hybrid,14,0.5035,0.7692,0.6087,0.4964
commons-io,Hybrid,15,0.5042,0.7708,0.6097,0.4978
commons-io,Hybrid,16,0.5062,0.7714,0.6113,0.5000
commons-io,Hybrid,17,0.5031,0.7665,0.6075,0.4947
commons-io,Hybrid,18,0.5028,0.7637,0.6064,0.4931
commons-io,Hybrid,19,0.5039,0.7640,0.6072,0.4942
commons-io,Hybrid,20,0.5029,0.7631,0.6062,0.4928
commons-io,Hybrid,21,0.5038,0.7631,0.6069,0.4937
commons-io,Hybrid,22,0.5022,0.7572,0.6038,0.4894
commons-io,Hybrid,23,0.4974,0.7581,0.6007,0.4852
commons-io,Hybrid,24,0.5081,0.7683,0.6117,0.5003
commons-io,Hybrid,25,0.5051,0.7686,0.6096,0.4976
commons-io,Hybrid,26,0.5023,0.7640,0.6061,0.4928
commons-io,Hybrid,27,0.5094,0.7671,0.6123,0.5010
commons-io,Hybrid,28,0.5049,0.7634,0.6078,0.4949
commons-io,Hybrid,29,0.5034,0.7649,0.6072,0.4942
commons-io,Hybrid,30,0.5044,0.7677,0.6088,0.4965
commons-io,Process,1,0.5077,0.7390,0.6019,0.4861
commons-io,Process,2,0.5162,0.7427,0.6091,0.4957
commons-io,Process,3,0.5150,0.7467,0.6096,0.4965
commons-io,Process,4,0.5106,0.7408,0.6046,0.4897
commons-io,Process,5,0.5087,0.7386,0.6025,0.4869
commons-io,Process,6,0.5148,0.7377,0.6064,0.4920
commons-io,Process,7,0.5129,0.7396,0.6057,0.4911
commons-io,Process,8,0.5097,0.7399,0.6036,0.4883
commons-io,Process,9,0.5101,0.7414,0.6044,0.4895
commons-io,Process,10,0.5093,0.7380,0.6027,0.4871
commons-io,Process,11,0.5142,0.7405,0.6069,0.4928
commons-io,Process,12,0.5109,0.7396,0.6043,0.4893
commons-io,Process,13,0.5127,0.7414,0.6062,0.4919
commons-io,Process,14,0.5106,0.7442,0.6057,0.4912
commons-io,Process,15,0.5128,0.7408,0.6061,0.4917
commons-io,Process,16,0.5157,0.7448,0.6095,0.4963
commons-io,Process,17,0.5147,0.7414,0.6076,0.4937
commons-io,Process,18,0.5148,0.7356,0.6057,0.4911
commons-io,Process,19,0.5126,0.7408,0.6059,0.4915
commons-io,Process,20,0.5070,0.7386,0.6013,0.4852
commons-io,Process,21,0.5131,0.7442,0.6074,0.4936
commons-io,Process,22,0.5155,0.7393,0.6074,0.4935
commons-io,Process,23,0.5098,0.7510,0.6073,0.4937
commons-io,Process,24,0.5094,0.7420,0.6041,0.4891
commons-io,Process,25,0.5094,0.7399,0.6034,0.4880
commons-io,Process,26,0.5137,0.7436,0.6076,0.4938
commons-io,Process,27,0.5154,0.7427,0.6085,0.4950
commons-io,Process,28,0.5113,0.7424,0.6055,0.4910
commons-io,Process,29,0.5097,0.7352,0.6021,0.4862
commons-io,Process,30,0.5120,0.7352,0.6037,0.4883
commons-io,Static,1,0.2650,0.7414,0.3904,0.1642
commons-io,Static,2,0.2649,0.7442,0.3907,0.1647
commons-io,Static,3,0.2657,0.7442,0.3916,0.1666
commons-io,Static,4,0.2641,0.7445,0.3899,0.1631
commons-io,Static,5,0.2654,0.7464,0.3916,0.1665
commons-io,Static,6,0.2653,0.7451,0.3912,0.1658
commons-io,Static,7,0.2677,0.7513,0.3947,0.1728
commons-io,Static,8,0.2631,0.7396,0.3881,0.1596
commons-io,Static,9,0.2663,0.7464,0.3926,0.1685
commons-io,Static,10,0.2666,0.7522,0.3937,0.1708
commons-io,Static,11,0.2660,0.7461,0.3921,0.1676
commons-io,Static,12,0.2635,0.7396,0.3886,0.1605
commons-io,Static,13,0.2635,0.7424,0.3890,0.1613
commons-io,Static,14,0.2647,0.7448,0.3906,0.1646
commons-io,Static,15,0.2652,0.7420,0.3908,0.1649
commons-io,Static,16,0.2669,0.7479,0.3934,0.1700
commons-io,Static,17,0.2665,0.7476,0.3930,0.1692
commons-io,Static,18,0.2651,0.7448,0.3910,0.1654
commons-io,Static,19,0.2656,0.7461,0.3918,0.1669
commons-io,Static,20,0.2634,0.7396,0.3884,0.1603
commons-io,Static,21,0.2644,0.7414,0.3898,0.1630
commons-io,Static,22,0.2659,0.7458,0.3920,0.1674
commons-io,Static,23,0.2648,0.7402,0.3901,0.1636
commons-io,Static,24,0.2675,0.7522,0.3947,0.1726
commons-io,Static,25,0.2639,0.7411,0.3892,0.1617
commons-io,Static,26,0.2661,0.7461,0.3923,0.1679
commons-io,Static,27,0.2657,0.7467,0.3919,0.1671
commons-io,Static,28,0.2652,0.7448,0.3911,0.1656
commons-io,Static,29,0.2650,0.7417,0.3905,0.1644
commons-io,Static,30,0.2649,0.7479,0.3912,0.1658
